Workbook

Sheet README
A1: S1 Normalized Expression Dataset
A4: Dataset | B4: Details
A5: Biological group | B5: S1
A6: Replicates | B6: G1, G2, G3
A7: Genes | B7: 13047
A8: Confirmed stored scale | B8: log2(TPM + 1)
A9: Linear conversion | B9: TPM = 2^(stored value) - 1
A10: KBase object | B10: Cs_WT-FSP237_TPM_ExpressionMatrix
A11: KBase object type | B11: KBaseFeatureValues.ExpressionMatrix-1.0
A12: KBase object reference | B12: 241072/22/1
A13: Genome reference | B13: 241072/11/3
A14: Created in KBase | B14: 2026-01-04T22:43:14+0000
A15: Source workflow | B15: StringTie guided expression (run_stringtie_app)
A16: Interpretation | B16: Normalized expression for S1 replicates; not a differential-expression contrast.
A17: DE requirement | B17: Add S2 or another biological condition, then define an explicit comparison.

Sheet Normalized log2 TPM
A1: Gene ID | B1: G1 log2(TPM+1) | C1: G2 log2(TPM+1) | D1: G3 log2(TPM+1) | E1: Mean log2(TPM+1) | F1: Sample SD log2(TPM+1)
A2: gene_1 | B2: 0 | C2: 0 | D2: 0 | E2: =AVERAGE(B2:D2) -> 0 | F2: =_xludf.STDEV.S(B2:D2) -> #NAME?
A3: gene_10 | B3: 7.0457957 | C3: 6.7765297 | D3: 6.9463138 | E3: =AVERAGE(B3:D3) -> 6.9228797 | F3: =_xludf.STDEV.S(B3:D3) -> #NAME?
A4: gene_100 | B4: 4.6966833 | C4: 4.0503274 | D4: 4.7373418 | E4: =AVERAGE(B4:D4) -> 4.4947842 | F4: =_xludf.STDEV.S(B4:D4) -> #NAME?
A5: gene_1000 | B5: 2.8324465 | C5: 2.2272116 | D5: 1.3305814 | E5: =AVERAGE(B5:D5) -> 2.1300798 | F5: =_xludf.STDEV.S(B5:D5) -> #NAME?
A6: gene_10000 | B6: 4.5856994 | C6: 4.1575462 | D6: 4.3060962 | E6: =AVERAGE(B6:D6) -> 4.3497806 | F6: =_xludf.STDEV.S(B6:D6) -> #NAME?
A7: gene_10001 | B7: 0 | C7: 1.0172977 | D7: 0 | E7: =AVERAGE(B7:D7) -> 0.33909924 | F7: =_xludf.STDEV.S(B7:D7) -> #NAME?
A8: gene_10002 | B8: 6.0682358 | C8: 6.1570307 | D8: 6.1957009 | E8: =AVERAGE(B8:D8) -> 6.1403225 | F8: =_xludf.STDEV.S(B8:D8) -> #NAME?
A9: gene_10003 | B9: 1.3026056 | C9: 0.42357546 | D9: 0 | E9: =AVERAGE(B9:D9) -> 0.57539369 | F9: =_xludf.STDEV.S(B9:D9) -> #NAME?
A10: gene_10004 | B10: 6.6763872 | C10: 6.1440849 | D10: 6.8076849 | E10: =AVERAGE(B10:D10) -> 6.542719 | F10: =_xludf.STDEV.S(B10:D10) -> #NAME?
A11: gene_10005 | B11: 7.4455122 | C11: 7.8923519 | D11: 7.6907919 | E11: =AVERAGE(B11:D11) -> 7.6762187 | F11: =_xludf.STDEV.S(B11:D11) -> #NAME?
A12: gene_10006 | B12: 0 | C12: 0 | D12: 0 | E12: =AVERAGE(B12:D12) -> 0 | F12: =_xludf.STDEV.S(B12:D12) -> #NAME?
A13: gene_10007 | B13: 7.6960504 | C13: 8.2359558 | D13: 7.472535 | E13: =AVERAGE(B13:D13) -> 7.8015137 | F13: =_xludf.STDEV.S(B13:D13) -> #NAME?
... A13048: gene_9999 | B13048: 5.4816902 | C13048: 4.9913253 | D13048: 4.7339992 | E13048: =AVERAGE(B13048:D13048) -> 5.0690049 | F13048: =_xludf.STDEV.S(B13048:D13048) -> #NAME?

Sheet TPM reconstructed
A1: Gene ID | B1: G1 TPM | C1: G2 TPM | D1: G3 TPM | E1: Mean TPM | F1: Median TPM | G1: Sample SD TPM | H1: Maximum TPM
A2: gene_1 | B2: =POWER(2,'Normalized log2 TPM'!B2)-1 -> 0 | C2: =POWER(2,'Normalized log2 TPM'!C2)-1 -> 0 | D2: =POWER(2,'Normalized log2 TPM'!D2)-1 -> 0 | E2: =AVERAGE(B2:D2) -> 0 | F2: =MEDIAN(B2:D2) -> 0 | G2: =_xludf.STDEV.S(B2:D2) -> #NAME? | H2: =MAX(B2:D2) -> 0
A3: gene_10 | B3: =POWER(2,'Normalized log2 TPM'!B3)-1 -> 131.12831 | C3: =POWER(2,'Normalized log2 TPM'!C3)-1 -> 108.63235 | D3: =POWER(2,'Normalized log2 TPM'!D3)-1 -> 122.32434 | E3: =AVERAGE(B3:D3) -> 120.695 | F3: =MEDIAN(B3:D3) -> 122.32434 | G3: =_xludf.STDEV.S(B3:D3) -> #NAME? | H3: =MAX(B3:D3) -> 131.12831
A4: gene_100 | B4: =POWER(2,'Normalized log2 TPM'!B4)-1 -> 24.932391 | C4: =POWER(2,'Normalized log2 TPM'!C4)-1 -> 15.567999 | D4: =POWER(2,'Normalized log2 TPM'!D4)-1 -> 25.673622 | E4: =AVERAGE(B4:D4) -> 22.058004 | F4: =MEDIAN(B4:D4) -> 24.932391 | G4: =_xludf.STDEV.S(B4:D4) -> #NAME? | H4: =MAX(B4:D4) -> 25.673622
A5: gene_1000 | B5: =POWER(2,'Normalized log2 TPM'!B5)-1 -> 6.1228098 | C5: =POWER(2,'Normalized log2 TPM'!C5)-1 -> 3.6822813 | D5: =POWER(2,'Normalized log2 TPM'!D5)-1 -> 1.5150402 | E5: =AVERAGE(B5:D5) -> 3.7733771 | F5: =MEDIAN(B5:D5) -> 3.6822813 | G5: =_xludf.STDEV.S(B5:D5) -> #NAME? | H5: =MAX(B5:D5) -> 6.1228098
A6: gene_10000 | B6: =POWER(2,'Normalized log2 TPM'!B6)-1 -> 23.012261 | C6: =POWER(2,'Normalized log2 TPM'!C6)-1 -> 16.846214 | D6: =POWER(2,'Normalized log2 TPM'!D6)-1 -> 18.781724 | E6: =AVERAGE(B6:D6) -> 19.546733 | F6: =MEDIAN(B6:D6) -> 18.781724 | G6: =_xludf.STDEV.S(B6:D6) -> #NAME? | H6: =MAX(B6:D6) -> 23.012261
A7: gene_10001 | B7: =POWER(2,'Normalized log2 TPM'!B7)-1 -> 0 | C7: =POWER(2,'Normalized log2 TPM'!C7)-1 -> 1.0241241 | D7: =POWER(2,'Normalized log2 TPM'!D7)-1 -> 0 | E7: =AVERAGE(B7:D7) -> 0.34137469 | F7: =MEDIAN(B7:D7) -> 0 | G7: =_xludf.STDEV.S(B7:D7) -> #NAME? | H7: =MAX(B7:D7) -> 1.0241241
A8: gene_10002 | B8: =POWER(2,'Normalized log2 TPM'!B8)-1 -> 66.099763 | C8: =POWER(2,'Normalized log2 TPM'!C8)-1 -> 70.359357 | D8: =POWER(2,'Normalized log2 TPM'!D8)-1 -> 72.297947 | E8: =AVERAGE(B8:D8) -> 69.585689 | F8: =MEDIAN(B8:D8) -> 70.359357 | G8: =_xludf.STDEV.S(B8:D8) -> #NAME? | H8: =MAX(B8:D8) -> 72.297947
A9: gene_10003 | B9: =POWER(2,'Normalized log2 TPM'!B9)-1 -> 1.4667399 | C9: =POWER(2,'Normalized log2 TPM'!C9)-1 -> 0.34124748 | D9: =POWER(2,'Normalized log2 TPM'!D9)-1 -> 0 | E9: =AVERAGE(B9:D9) -> 0.60266247 | F9: =MEDIAN(B9:D9) -> 0.34124748 | G9: =_xludf.STDEV.S(B9:D9) -> #NAME? | H9: =MAX(B9:D9) -> 1.4667399
A10: gene_10004 | B10: =POWER(2,'Normalized log2 TPM'!B10)-1 -> 101.28049 | C10: =POWER(2,'Normalized log2 TPM'!C10)-1 -> 69.721888 | D10: =POWER(2,'Normalized log2 TPM'!D10)-1 -> 111.02562 | E10: =AVERAGE(B10:D10) -> 94.009333 | F10: =MEDIAN(B10:D10) -> 101.28049 | G10: =_xludf.STDEV.S(B10:D10) -> #NAME? | H10: =MAX(B10:D10) -> 111.02562
A11: gene_10005 | B11: =POWER(2,'Normalized log2 TPM'!B11)-1 -> 173.31008 | C11: =POWER(2,'Normalized log2 TPM'!C11)-1 -> 236.59355 | D11: =POWER(2,'Normalized log2 TPM'!D11)-1 -> 205.61367 | E11: =AVERAGE(B11:D11) -> 205.17243 | F11: =MEDIAN(B11:D11) -> 205.61367 | G11: =_xludf.STDEV.S(B11:D11) -> #NAME? | H11: =MAX(B11:D11) -> 236.59355
A12: gene_10006 | B12: =POWER(2,'Normalized log2 TPM'!B12)-1 -> 0 | C12: =POWER(2,'Normalized log2 TPM'!C12)-1 -> 0 | D12: =POWER(2,'Normalized log2 TPM'!D12)-1 -> 0 | E12: =AVERAGE(B12:D12) -> 0 | F12: =MEDIAN(B12:D12) -> 0 | G12: =_xludf.STDEV.S(B12:D12) -> #NAME? | H12: =MAX(B12:D12) -> 0
A13: gene_10007 | B13: =POWER(2,'Normalized log2 TPM'!B13)-1 -> 206.36813 | C13: =POWER(2,'Normalized log2 TPM'!C13)-1 -> 300.48779 | D13: =POWER(2,'Normalized log2 TPM'!D13)-1 -> 176.60581 | E13: =AVERAGE(B13:D13) -> 227.82058 | F13: =MEDIAN(B13:D13) -> 206.36813 | G13: =_xludf.STDEV.S(B13:D13) -> #NAME? | H13: =MAX(B13:D13) -> 300.48779
... A13048: gene_9999 | B13048: =POWER(2,'Normalized log2 TPM'!B13048)-1 -> 43.684115 | C13048: =POWER(2,'Normalized log2 TPM'!C13048)-1 -> 30.808167 | D13048: =POWER(2,'Normalized log2 TPM'!D13048)-1 -> 25.611892 | E13048: =AVERAGE(B13048:D13048) -> 33.368058 | F13048: =MEDIAN(B13048:D13048) -> 30.808167 | G13048: =_xludf.STDEV.S(B13048:D13048) -> #NAME? | H13048: =MAX(B13048:D13048) -> 43.684115

Sheet Sample metadata
A1: Sample | B1: Biological group | C1: Source column | D1: Source StringTie table | E1: Stored scale
A2: G1 | B2: S1 | C2: G1_Reads_expression | D2: G1_Reads_alignment/genes.fpkm_tracking | E2: log2(TPM + 1)
A3: G2 | B3: S1 | C3: G2_reads_expression | D3: G2_reads_alignment/genes.fpkm_tracking | E3: log2(TPM + 1)
A4: G3 | B4: S1 | C4: G3_Reads_expression | D4: G3_Reads_alignment/genes.fpkm_tracking | E4: log2(TPM + 1)

Sheet Summary
A1: S1 Expression Summary
A4: Sample | B4: Genes with TPM > 0 | C4: Sum TPM | D4: Median TPM | E4: Maximum TPM
A5: G1 | B5: =COUNTIF('TPM reconstructed'!B2:B13048,">0") -> 9336 | C5: =SUM('TPM reconstructed'!B2:B13048) -> 1000000 | D5: =MEDIAN('TPM reconstructed'!B2:B13048) -> 7.1956041 | E5: =MAX('TPM reconstructed'!B2:B13048) -> 21800.354
A6: G2 | B6: =COUNTIF('TPM reconstructed'!C2:C13048,">0") -> 11034 | C6: =SUM('TPM reconstructed'!C2:C13048) -> 1000000 | D6: =MEDIAN('TPM reconstructed'!C2:C13048) -> 6.1524427 | E6: =MAX('TPM reconstructed'!C2:C13048) -> 19288.865
A7: G3 | B7: =COUNTIF('TPM reconstructed'!D2:D13048,">0") -> 9296 | C7: =SUM('TPM reconstructed'!D2:D13048) -> 1000000 | D7: =MEDIAN('TPM reconstructed'!D2:D13048) -> 7.3089933 | E7: =MAX('TPM reconstructed'!D2:D13048) -> 21147.352
A9: Metric | B9: Value
A10: Biological group | B10: S1
A11: Replicates | B11: 3
A12: Gene count | B12: =COUNTA('Normalized log2 TPM'!A2:A13048) -> 13047
A14: Interpretation: these are normalized expression measurements for S1 replicates. Differential expression requires S2 (or another condition) and an explicit contrast.
